<?xml version="1.0" encoding="UTF-8"?>
<project-private xmlns="http://www.netbeans.org/ns/project-private/1">
    <editor-bookmarks xmlns="http://www.netbeans.org/ns/editor-bookmarks/2" lastBookmarkId="1">
        <file>
            <url>web/WEB-INF/faces-config.xml</url>
            <bookmark id="1">
                <name/>
                <line>0</line>
                <key/>
            </bookmark>
        </file>
    </editor-bookmarks>
    <open-files xmlns="http://www.netbeans.org/ns/projectui-open-files/2">
        <group>
            <file>file:/Users/tech-champions/NetBeansProjects/webapps2020/src/java/com/app/datalayer/MyPayPalUser.java</file>
            <file>file:/Users/tech-champions/NetBeansProjects/webapps2020/src/java/com/app/servicelayer/TransactionServiceBeanLocal.java</file>
            <file>file:/Users/tech-champions/NetBeansProjects/webapps2020/src/java/com/app/weblayer/TransactionBean.java</file>
            <file>file:/Users/tech-champions/NetBeansProjects/webapps2020/web/user/confirm.xhtml</file>
            <file>file:/Users/tech-champions/NetBeansProjects/webapps2020/web/user/index.xhtml</file>
            <file>file:/Users/tech-champions/NetBeansProjects/webapps2020/src/java/com/app/datalayer/MyPayPalTransaction.java</file>
            <file>file:/Users/tech-champions/NetBeansProjects/webapps2020/src/java/com/app/servicelayer/TransactionServiceBean.java</file>
        </group>
    </open-files>
</project-private>
